"Mustard Flowers","557"
"FLOAT","0xDRIP"
"Party Pixels","Ayyo"
"Autonomous Spook Shop #1","The Autonomous Scoop Shop"
"Peanug x Skeleton Crew","Peanug"
"Soulless X SkeletonCrew","Soulless"
"SKULL Airdrops Trick 1/30","Ayyo"
"Meta Lights Header","LIGHTS"
"Vortex Lights Header","LIGHTS"
"Degen Lights","LIGHTS"
"Degen Lights Header","LIGHTS"
"Neo-Impressionist SKULL","Ayyo"
"Abyssal Sacrament","Grim Syndicate"
"SKULLS Airdrop 10/2","Ayyo"
"Gold Mortem","konwi"
"Silver Mortem","konwi"
"Halloween Pixel Skull 2/3","samuel-forrest"
"Sunset over the Sea","557"
"Electric Light Skull","Pink Skull x LIGHTS"
"RustBots x Skeleton Crew","RustBots"
"Megumi-Sk#1","Megumi"
"The Golden Death and it Allies","Furious Flowers"
"nothing lasts forever","Fried Ghost"
"Neo-Impressionist Banner","Ayyo"
"PARAGON ART X SKELETON CREW","Paragon Art"
"SKULLS Airdrop 10/3","Ayyo"
"SKULLS Airdrop 10/4","Ayyo"
"Danuki Dojo x Skeleton Crew","Danuki Dojo"
"LEER","0xDRIP"
"Paragon X SKULLS","Paragon"
"Megumi-Sk#2","Megumi"
"Megumi-Sk#3","Megumi"
"Black Mortem","konwi"
"Wavy Glitch SKULL","Ayyo"
"King Nebula Banner","Ayyo"
"Visions of Grenadeur","Ayyo"
"Vintage Cartoon SKULL","Ayyo"
"Skeleton Crew Airdrop 10/1","Ayyo"
"A Martian Place","zen0m"
"TRIPLE THREAT","0xDRIP"
"A Forsaken Place","zen0m"
"TWIN SKULLS","0xDRIP"
"King Nebula SKULL","Ayyo"
"Wavy Glitch Banner","Ayyo"
"LONE SKULL","0xDRIP"
"Skeleton Frog", Cyber Frogs
"Skeleton Crew x BasketNFT","basketNFT"
"An Underwater Place","zen0m"
"CHERRY CREW","Ayyo"
"HIGHSHOWERS X SKELETON CREW","Pink Skull"